"popdata","keyformerge"
"Abbott","abbott"
"Abernathy","abernathy"
"Abilene","abilene"
"Ackerly","ackerly"
"Addison","addison"
"Adrian","adrian"
"Agua Dulce","agua dulce"
"Alamo","alamo"
"Alamo Heights","alamo heights"
"Alba","alba"
"Albany","albany"
"Aledo","aledo"
"Alice","alice"
"Allen","allen"
"Alma","alma"
"Alpine","alpine"
"Alto","alto"
"Alton","alton"
"Alvarado","alvarado"
"Alvin","alvin"
"Alvord","alvord"
"Amarillo","amarillo"
"Ames","ames"
"Amherst","amherst"
"Anahuac","anahuac"
"Anderson","anderson"
"Andrews","andrews"
"Angleton","angleton"
"Angus","angus"
"Anna","anna"
"Annetta","annetta"
"Annetta North","annetta north"
"Annetta South","annetta south"
"Annona","annona"
"Anson","anson"
"Anthony","anthony"
"Anton","anton"
"Appleby","appleby"
"Aquilla","aquilla"
"Aransas Pass","aransas pass"
"Archer City","archer"
"Arcola","arcola"
"Argyle","argyle"
"Arlington","arlington"
"Arp","arp"
"Asherton","asherton"
"Aspermont","aspermont"
"Athens","athens"
"Atlanta","atlanta"
"Aubrey","aubrey"
"Aurora","aurora"
"Austin","austin"
"Austwell","austwell"
"Avery","avery"
"Avinger","avinger"
"Azle","azle"
"Bailey","bailey"
"Bailey's Prairie","bailey's prairie"
"Baird","baird"
"Balch Springs","balch springs"
"Balcones Heights","balcones heights"
"Ballinger","ballinger"
"Balmorhea","balmorhea"
"Bandera","bandera"
"Bangs","bangs"
"Bardwell","bardwell"
"Barry","barry"
"Barstow","barstow"
"Bartlett","bartlett"
"Bartonville","bartonville"
"Bastrop","bastrop"
"Bay City","bay"
"Bayou Vista","bayou vista"
"Bayside","bayside"
"Baytown","baytown"
"Bayview","bayview"
"Beach City","beach"
"Bear Creek","bear creek"
"Beasley","beasley"
"Beaumont","beaumont"
"Beckville","beckville"
"Bedford","bedford"
"Bedias","bedias"
"Bee Cave","bee cave"
"Beeville","beeville"
"Bellaire","bellaire"
"Bellevue","bellevue"
"Bellmead","bellmead"
"Bells","bells"
"Bellville","bellville"
"Belton","belton"
"Benavides","benavides"
"Benbrook","benbrook"
"Benjamin","benjamin"
"Berryville","berryville"
"Bertram","bertram"
"Beverly Hills","beverly hills"
"Bevil Oaks","bevil oaks"
"Big Lake","big lake"
"Big Sandy","big sandy"
"Big Spring","big spring"
"Big Wells","big wells"
"Bishop","bishop"
"Bishop Hills","bishop hills"
"Blackwell","blackwell"
"Blanco","blanco"
"Blanket","blanket"
"Bloomburg","bloomburg"
"Blooming Grove","blooming grove"
"Blossom","blossom"
"Blue Mound","blue mound"
"Blue Ridge","blue ridge"
"Blum","blum"
"Boerne","boerne"
"Bogata","bogata"
"Bonham","bonham"
"Bonney","bonney"
"Booker","booker"
"Borger","borger"
"Bovina","bovina"
"Bowie","bowie"
"Boyd","boyd"
"Brackettville","brackettville"
"Brady","brady"
"Brazoria","brazoria"
"Brazos Bend","brazos bend"
"Brazos Country","brazos country"
"Breckenridge","breckenridge"
"Bremond","bremond"
"Brenham","brenham"
"Briarcliff","briarcliff"
"Briaroaks","briaroaks"
"Bridge City","bridge"
"Bridgeport","bridgeport"
"Broaddus","broaddus"
"Bronte","bronte"
"Brookshire","brookshire"
"Brookside Village","brookside"
"Browndell","browndell"
"Brownfield","brownfield"
"Brownsboro","brownsboro"
"Brownsville","brownsville"
"Brownwood","brownwood"
"Bruceville-Eddy","bruceville-eddy"
"Bryan","bryan"
"Bryson","bryson"
"Buckholts","buckholts"
"Buda","buda"
"Buffalo","buffalo"
"Buffalo Gap","buffalo gap"
"Buffalo Springs","buffalo springs"
"Bullard","bullard"
"Bulverde","bulverde"
"Bunker Hill Village","bunker hill"
"Burkburnett","burkburnett"
"Burke","burke"
"Burleson","burleson"
"Burnet","burnet"
"Burton","burton"
"Byers","byers"
"Bynum","bynum"
"Cactus","cactus"
"Caddo Mills","caddo mills"
"Caldwell","caldwell"
"Callisburg","callisburg"
"Calvert","calvert"
"Cameron","cameron"
"Camp Wood","camp wood"
"Campbell","campbell"
"Canadian","canadian"
"Caney City","caney"
"Canton","canton"
"Canyon","canyon"
"Carbon","carbon"
"Carl's Corner","carl's corner"
"Carmine","carmine"
"Carrizo Springs","carrizo springs"
"Carrollton","carrollton"
"Carthage","carthage"
"Cashion Community","cashion community"
"Castle Hills","castle hills"
"Castroville","castroville"
"Cedar Hill","cedar hill"
"Cedar Park","cedar park"
"Celeste","celeste"
"Celina","celina"
"Center","center"
"Center Point","center point"
"Centerville","centerville"
"Chandler","chandler"
"Channing","channing"
"Charlotte","charlotte"
"Chester","chester"
"Chico","chico"
"Childress","childress"
"Chillicothe","chillicothe"
"China","china"
"China Grove","china grove"
"Chireno","chireno"
"Christine","christine"
"Cibolo","cibolo"
"Cisco","cisco"
"Clarendon","clarendon"
"Clarksville","clarksville"
"Clarksville City","clarksville"
"Claude","claude"
"Clear Lake Shores","clear lake shores"
"Cleburne","cleburne"
"Cleveland","cleveland"
"Clifton","clifton"
"Clint","clint"
"Clute","clute"
"Clyde","clyde"
"Coahoma","coahoma"
"Cockrell Hill","cockrell hill"
"Coffee City","coffee"
"Coldspring","coldspring"
"Coleman","coleman"
"College Station","college station"
"Colleyville","colleyville"
"Collinsville","collinsville"
"Colmesneil","colmesneil"
"Colorado City","colorado"
"Columbus","columbus"
"Comanche","comanche"
"Combes","combes"
"Combine","combine"
"Commerce","commerce"
"Como","como"
"Conroe","conroe"
"Converse","converse"
"Cool","cool"
"Coolidge","coolidge"
"Cooper","cooper"
"Coppell","coppell"
"Copper Canyon","copper canyon"
"Copperas Cove","copperas cove"
"Corinth","corinth"
"Corpus Christi","corpus christi"
"Corral City","corral"
"Corrigan","corrigan"
"Corsicana","corsicana"
"Cottonwood","cottonwood"
"Cottonwood Shores","cottonwood shores"
"Cotulla","cotulla"
"Coupland","coupland"
"Cove","cove"
"Covington","covington"
"Coyote Flats","coyote flats"
"Crandall","crandall"
"Crane","crane"
"Cranfills Gap","cranfills gap"
"Crawford","crawford"
"Creedmoor","creedmoor"
"Cresson","cresson"
"Crockett","crockett"
"Crosbyton","crosbyton"
"Cross Plains","cross plains"
"Cross Roads","cross roads"
"Cross Timber","cross timber"
"Crowell","crowell"
"Crowley","crowley"
"Crystal City","crystal"
"Cuero","cuero"
"Cumby","cumby"
"Cuney","cuney"
"Cushing","cushing"
"Cut and Shoot","cut and shoot"
"DISH","dish"
"Daingerfield","daingerfield"
"Daisetta","daisetta"
"Dalhart","dalhart"
"Dallas","dallas"
"Dalworthington Gardens","dalworthington gardens"
"Danbury","danbury"
"Darrouzett","darrouzett"
"Dawson","dawson"
"Dayton","dayton"
"Dayton Lakes","dayton lakes"
"De Kalb","de kalb"
"De Leon","de leon"
"DeCordova","decordova"
"DeSoto","desoto"
"Dean","dean"
"Decatur","decatur"
"Deer Park","deer park"
"Del Rio","del rio"
"Dell City","dell"
"Denison","denison"
"Dennis","dennis"
"Denton","denton"
"Denver City","denver"
"Deport","deport"
"Detroit","detroit"
"Devers","devers"
"Devine","devine"
"Diboll","diboll"
"Dickens","dickens"
"Dickinson","dickinson"
"Dilley","dilley"
"Dimmitt","dimmitt"
"Dodd City","dodd"
"Dodson","dodson"
"Domino","domino"
"Donna","donna"
"Dorchester","dorchester"
"Double Horn","double horn"
"Double Oak","double oak"
"Douglassville","douglassville"
"Dripping Springs","dripping springs"
"Driscoll","driscoll"
"Dublin","dublin"
"Dumas","dumas"
"Duncanville","duncanville"
"Eagle Lake","eagle lake"
"Eagle Pass","eagle pass"
"Early","early"
"Earth","earth"
"East Bernard","east bernard"
"East Mountain","east mountain"
"East Tawakoni","east tawakoni"
"Eastland","eastland"
"Easton","easton"
"Ector","ector"
"Edcouch","edcouch"
"Eden","eden"
"Edgecliff","edgecliff"
"Edgecliff Village","edgecliff"
"Edgewood","edgewood"
"Edinburg","edinburg"
"Edmonson","edmonson"
"Edna","edna"
"Edom","edom"
"El Campo","el campo"
"El Cenizo","el cenizo"
"El Lago","el lago"
"El Paso","el paso"
"Eldorado","eldorado"
"Electra","electra"
"Elgin","elgin"
"Elkhart","elkhart"
"Ellinger","ellinger"
"Elmendorf","elmendorf"
"Elsa","elsa"
"Emhouse","emhouse"
"Emory","emory"
"Enchanted Oaks","enchanted oaks"
"Encinal","encinal"
"Ennis","ennis"
"Escobares","escobares"
"Estelline","estelline"
"Euless","euless"
"Eureka","eureka"
"Eustace","eustace"
"Evant","evant"
"Everman","everman"
"Fair Oaks Ranch","fair oaks ranch"
"Fairchilds","fairchilds"
"Fairfield","fairfield"
"Fairview","fairview"
"Falfurrias","falfurrias"
"Falls City","falls"
"Farmers Branch","farmers branch"
"Farmersville","farmersville"
"Farwell","farwell"
"Fate","fate"
"Fayetteville","fayetteville"
"Ferris","ferris"
"Flatonia","flatonia"
"Florence","florence"
"Floresville","floresville"
"Flower Mound","flower mound"
"Floydada","floydada"
"Follett","follett"
"Forest Hill","forest hill"
"Forney","forney"
"Forsan","forsan"
"Fort Stockton","fort stockton"
"Fort Worth","fort worth"
"Franklin","franklin"
"Frankston","frankston"
"Fredericksburg","fredericksburg"
"Freeport","freeport"
"Freer","freer"
"Friendswood","friendswood"
"Friona","friona"
"Frisco","frisco"
"Fritch","fritch"
"Frost","frost"
"Fruitvale","fruitvale"
"Fulshear","fulshear"
"Fulton","fulton"
"Gainesville","gainesville"
"Galena Park","galena park"
"Gallatin","gallatin"
"Galveston","galveston"
"Ganado","ganado"
"Garden Ridge","garden ridge"
"Garland","garland"
"Garrett","garrett"
"Garrison","garrison"
"Gary City","gary"
"Gatesville","gatesville"
"George West","george west"
"Georgetown","georgetown"
"Gholson","gholson"
"Giddings","giddings"
"Gilmer","gilmer"
"Gladewater","gladewater"
"Glen Rose","glen rose"
"Glenn Heights","glenn heights"
"Godley","godley"
"Goldsmith","goldsmith"
"Goldthwaite","goldthwaite"
"Goliad","goliad"
"Golinda","golinda"
"Gonzales","gonzales"
"Goodlow","goodlow"
"Goodrich","goodrich"
"Gordon","gordon"
"Goree","goree"
"Gorman","gorman"
"Graford","graford"
"Graham","graham"
"Granbury","granbury"
"Grand Prairie","grand prairie"
"Grand Saline","grand saline"
"Grandfalls","grandfalls"
"Grandview","grandview"
"Granger","granger"
"Granite Shoals","granite shoals"
"Granjeno","granjeno"
"Grapeland","grapeland"
"Grapevine","grapevine"
"Grays Prairie","grays prairie"
"Greenville","greenville"
"Gregory","gregory"
"Grey Forest","grey forest"
"Groesbeck","groesbeck"
"Groom","groom"
"Groves","groves"
"Groveton","groveton"
"Gruver","gruver"
"Gun Barrel City","gun barrel"
"Gunter","gunter"
"Gustine","gustine"
"Hackberry","hackberry"
"Hale Center","hale center"
"Hallettsville","hallettsville"
"Hallsburg","hallsburg"
"Hallsville","hallsville"
"Haltom City","haltom"
"Hamilton","hamilton"
"Hamlin","hamlin"
"Happy","happy"
"Hardin","hardin"
"Harker Heights","harker heights"
"Harlingen","harlingen"
"Hart","hart"
"Haskell","haskell"
"Haslet","haslet"
"Hawk Cove","hawk cove"
"Hawkins","hawkins"
"Hawley","hawley"
"Hays","hays"
"Hearne","hearne"
"Heath","heath"
"Hebron","hebron"
"Hedley","hedley"
"Hedwig Village","hedwig"
"Helotes","helotes"
"Hemphill","hemphill"
"Hempstead","hempstead"
"Henderson","henderson"
"Henrietta","henrietta"
"Hereford","hereford"
"Hewitt","hewitt"
"Hickory Creek","hickory creek"
"Hico","hico"
"Hidalgo","hidalgo"
"Hideaway","hideaway"
"Higgins","higgins"
"Highland Haven","highland haven"
"Highland Park","highland park"
"Highland Village","highland"
"Hill Country Village","hill country"
"Hillcrest","hillcrest"
"Hillcrest Village","hillcrest"
"Hillsboro","hillsboro"
"Hilshire Village","hilshire"
"Hitchcock","hitchcock"
"Holiday Lakes","holiday lakes"
"Holland","holland"
"Holliday","holliday"
"Hollywood Park","hollywood park"
"Hondo","hondo"
"Honey Grove","honey grove"
"Hooks","hooks"
"Horizon City","horizon"
"Horseshoe Bay","horseshoe bay"
"Houston","houston"
"Howardwick","howardwick"
"Howe","howe"
"Hubbard","hubbard"
"Hudson","hudson"
"Hudson Oaks","hudson oaks"
"Hughes Springs","hughes springs"
"Humble","humble"
"Hunters Creek Village","hunters creek"
"Huntington","huntington"
"Huntsville","huntsville"
"Hurst","hurst"
"Hutchins","hutchins"
"Hutto","hutto"
"Huxley","huxley"
"Idalou","idalou"
"Impact","impact"
"Indian Lake","indian lake"
"Industry","industry"
"Ingleside","ingleside"
"Ingleside on the Bay","ingleside on the bay"
"Ingram","ingram"
"Iola","iola"
"Iowa Colony","iowa colony"
"Iowa Park","iowa park"
"Iraan","iraan"
"Iredell","iredell"
"Irving","irving"
"Italy","italy"
"Itasca","itasca"
"Ivanhoe","ivanhoe"
"Jacinto City","jacinto"
"Jacksboro","jacksboro"
"Jacksonville","jacksonville"
"Jamaica Beach","jamaica beach"
"Jarrell","jarrell"
"Jasper","jasper"
"Jayton","jayton"
"Jefferson","jefferson"
"Jersey Village","jersey"
"Jewett","jewett"
"Joaquin","joaquin"
"Johnson City","johnson"
"Jolly","jolly"
"Jones Creek","jones creek"
"Jonestown","jonestown"
"Josephine","josephine"
"Joshua","joshua"
"Jourdanton","jourdanton"
"Junction","junction"
"Justin","justin"
"Karnes City","karnes"
"Katy","katy"
"Kaufman","kaufman"
"Keene","keene"
"Keller","keller"
"Kemah","kemah"
"Kemp","kemp"
"Kempner","kempner"
"Kendleton","kendleton"
"Kenedy","kenedy"
"Kenefick","kenefick"
"Kennard","kennard"
"Kennedale","kennedale"
"Kerens","kerens"
"Kermit","kermit"
"Kerrville","kerrville"
"Kilgore","kilgore"
"Killeen","killeen"
"Kingsbury","kingsbury"
"Kingsville","kingsville"
"Kirby","kirby"
"Kirbyville","kirbyville"
"Kirvin","kirvin"
"Knollwood","knollwood"
"Knox City","knox"
"Kosse","kosse"
"Kountze","kountze"
"Kress","kress"
"Krugerville","krugerville"
"Krum","krum"
"Kurten","kurten"
"Kyle","kyle"
"La Feria","la feria"
"La Grange","la grange"
"La Grulla","la grulla"
"La Joya","la joya"
"La Marque","la marque"
"La Porte","la porte"
"La Vernia","la vernia"
"La Villa","la villa"
"La Ward","la ward"
"LaCoste","lacoste"
"Lacy-Lakeview","lacy-lakeview"
"Ladonia","ladonia"
"Lago Vista","lago vista"
"Laguna Vista","laguna vista"
"Lake Bridgeport","lake bridgeport"
"Lake City","lake"
"Lake Dallas","lake dallas"
"Lake Jackson","lake jackson"
"Lake Tanglewood","lake tanglewood"
"Lake Worth","lake worth"
"Lakeport","lakeport"
"Lakeside (Hall)","lakeside (hall)"
"Lakeside (San Patricio)","lakeside (san patricio)"
"Lakeside (Tarrant)","lakeside (tarrant)"
"Lakeside City","lakeside"
"Lakeview","lakeview"
"Lakeway","lakeway"
"Lakewood Village","lakewood"
"Lamesa","lamesa"
"Lampasas","lampasas"
"Lancaster","lancaster"
"Laredo","laredo"
"Latexo","latexo"
"Lavon","lavon"
"Lawn","lawn"
"League City","league"
"Leakey","leakey"
"Leander","leander"
"Leary","leary"
"Lefors","lefors"
"Leon Valley","leon valley"
"Leona","leona"
"Leonard","leonard"
"Leroy","leroy"
"Levelland","levelland"
"Lewisville","lewisville"
"Lexington","lexington"
"Liberty","liberty"
"Liberty Hill","liberty hill"
"Lincoln Park","lincoln park"
"Lindale","lindale"
"Linden","linden"
"Lindsay","lindsay"
"Lipan","lipan"
"Little Elm","little elm"
"Little River-Academy","little river-academy"
"Littlefield","littlefield"
"Live Oak","live oak"
"Liverpool","liverpool"
"Livingston","livingston"
"Llano","llano"
"Lockhart","lockhart"
"Lockney","lockney"
"Log Cabin","log cabin"
"Lometa","lometa"
"Lone Oak","lone oak"
"Lone Star","lone star"
"Longview","longview"
"Loraine","loraine"
"Lorena","lorena"
"Lorenzo","lorenzo"
"Los Fresnos","los fresnos"
"Los Indios","los indios"
"Los Ybanez","los ybanez"
"Lott","lott"
"Lovelady","lovelady"
"Lowry Crossing","lowry crossing"
"Lubbock","lubbock"
"Lucas","lucas"
"Lueders","lueders"
"Lufkin","lufkin"
"Luling","luling"
"Lumberton","lumberton"
"Lyford","lyford"
"Lytle","lytle"
"Mabank","mabank"
"Madisonville","madisonville"
"Magnolia","magnolia"
"Malakoff","malakoff"
"Malone","malone"
"Manor","manor"
"Mansfield","mansfield"
"Manvel","manvel"
"Marble Falls","marble falls"
"Marfa","marfa"
"Marietta","marietta"
"Marion","marion"
"Marlin","marlin"
"Marquez","marquez"
"Marshall","marshall"
"Marshall Creek","marshall creek"
"Mart","mart"
"Martindale","martindale"
"Mason","mason"
"Matador","matador"
"Mathis","mathis"
"Maud","maud"
"Maypearl","maypearl"
"McAllen","mcallen"
"McCamey","mccamey"
"McGregor","mcgregor"
"McKinney","mckinney"
"McLean","mclean"
"McLendon-Chisholm","mclendon-chisholm"
"Meadow","meadow"
"Meadowlakes","meadowlakes"
"Meadows Place","meadows place"
"Megargel","megargel"
"Melissa","melissa"
"Melvin","melvin"
"Memphis","memphis"
"Menard","menard"
"Mercedes","mercedes"
"Meridian","meridian"
"Merkel","merkel"
"Mertens","mertens"
"Mertzon","mertzon"
"Mesquite","mesquite"
"Mexia","mexia"
"Miami","miami"
"Midland","midland"
"Midlothian","midlothian"
"Midway","midway"
"Milano","milano"
"Mildred","mildred"
"Miles","miles"
"Milford","milford"
"Miller's Cove","miller's cove"
"Millican","millican"
"Millsap","millsap"
"Mineola","mineola"
"Mineral Wells","mineral wells"
"Mingus","mingus"
"Mission","mission"
"Missouri City","missouri"
"Mobeetie","mobeetie"
"Mobile City","mobile"
"Monahans","monahans"
"Mont Belvieu","mont belvieu"
"Montgomery","montgomery"
"Moody","moody"
"Moore Station","moore station"
"Moran","moran"
"Morgan","morgan"
"Morgan's Point","morgan's point"
"Morgan's Point Resort","morgan's point resort"
"Morton","morton"
"Moulton","moulton"
"Mount Calm","mount calm"
"Mount Enterprise","mount enterprise"
"Mount Pleasant","mount pleasant"
"Mount Vernon","mount vernon"
"Mountain City","mountain"
"Muenster","muenster"
"Muleshoe","muleshoe"
"Mullin","mullin"
"Munday","munday"
"Murchison","murchison"
"Murphy","murphy"
"Mustang","mustang"
"Mustang Ridge","mustang ridge"
"Nacogdoches","nacogdoches"
"Naples","naples"
"Nash","nash"
"Nassau Bay","nassau bay"
"Natalia","natalia"
"Navarro","navarro"
"Navasota","navasota"
"Nazareth","nazareth"
"Nederland","nederland"
"Needville","needville"
"Nesbitt","nesbitt"
"Nevada","nevada"
"New Berlin","new berlin"
"New Boston","new boston"
"New Braunfels","new braunfels"
"New Chapel Hill","new chapel hill"
"New Deal","new deal"
"New Fairview","new fairview"
"New Home","new home"
"New Hope","new hope"
"New London","new london"
"New Summerfield","new summerfield"
"New Waverly","new waverly"
"Newark","newark"
"Newcastle","newcastle"
"Newton","newton"
"Neylandville","neylandville"
"Niederwald","niederwald"
"Nixon","nixon"
"Nocona","nocona"
"Nolanville","nolanville"
"Nome","nome"
"Noonday","noonday"
"Nordheim","nordheim"
"Normangee","normangee"
"North Cleveland","north cleveland"
"North Richland Hills","north richland hills"
"Northcrest","northcrest"
"Northlake","northlake"
"Novice","novice"
"O'Brien","o'brien"
"O'Donnell","o'donnell"
"Oak Grove","oak grove"
"Oak Leaf","oak leaf"
"Oak Point","oak point"
"Oak Ridge (Cooke)","oak ridge (cooke)"
"Oak Ridge (Kaufman)","oak ridge (kaufman)"
"Oak Ridge North","oak ridge north"
"Oak Valley","oak valley"
"Oakhurst","oakhurst"
"Oakwood","oakwood"
"Odem","odem"
"Odessa","odessa"
"Oglesby","oglesby"
"Old River-Winfree","old river-winfree"
"Olmos Park","olmos park"
"Olney","olney"
"Olton","olton"
"Omaha","omaha"
"Onalaska","onalaska"
"Opdyke West","opdyke west"
"Orange","orange"
"Orange Grove","orange grove"
"Orchard","orchard"
"Ore City","ore"
"Overton","overton"
"Ovilla","ovilla"
"Oyster Creek","oyster creek"
"Paducah","paducah"
"Paint Rock","paint rock"
"Palacios","palacios"
"Palestine","palestine"
"Palisades","palisades"
"Palm Valley","palm valley"
"Palmer","palmer"
"Palmhurst","palmhurst"
"Palmview","palmview"
"Pampa","pampa"
"Panhandle","panhandle"
"Panorama Village","panorama"
"Pantego","pantego"
"Paradise","paradise"
"Paris","paris"
"Parker","parker"
"Pasadena","pasadena"
"Pattison","pattison"
"Patton Village","patton"
"Payne Springs","payne springs"
"Pearland","pearland"
"Pearsall","pearsall"
"Peaster","peaster"
"Pecan Gap","pecan gap"
"Pecan Hill","pecan hill"
"Pecos","pecos"
"Pelican Bay","pelican bay"
"Penelope","penelope"
"Penitas","penitas"
"Pernitas Point","pernitas point"
"Perryton","perryton"
"Petersburg","petersburg"
"Petrolia","petrolia"
"Petronila","petronila"
"Pflugerville","pflugerville"
"Pharr","pharr"
"Pilot Point","pilot point"
"Pine Forest","pine forest"
"Pine Island","pine island"
"Pinehurst","pinehurst"
"Pineland","pineland"
"Piney Point Village","piney point"
"Pittsburg","pittsburg"
"Plains","plains"
"Plainview","plainview"
"Plano","plano"
"Plantersville","plantersville"
"Pleak","pleak"
"Pleasant Valley","pleasant valley"
"Pleasanton","pleasanton"
"Plum Grove","plum grove"
"Poetry","poetry"
"Point","point"
"Point Blank","point blank"
"Point Comfort","point comfort"
"Point Venture","point venture"
"Ponder","ponder"
"Port Aransas","port aransas"
"Port Arthur","port arthur"
"Port Isabel","port isabel"
"Port Lavaca","port lavaca"
"Port Neches","port neches"
"Portland","portland"
"Post","post"
"Post Oak Bend","post oak bend"
"Post Oak Bend City","post oak bend"
"Poteet","poteet"
"Poth","poth"
"Pottsboro","pottsboro"
"Powell","powell"
"Poynor","poynor"
"Prairie View","prairie view"
"Premont","premont"
"Presidio","presidio"
"Primera","primera"
"Princeton","princeton"
"Progreso","progreso"
"Progreso Lakes","progreso lakes"
"Prosper","prosper"
"Providence Village","providence"
"Putnam","putnam"
"Pyote","pyote"
"Quanah","quanah"
"Queen City","queen"
"Quinlan","quinlan"
"Quintana","quintana"
"Quitaque","quitaque"
"Quitman","quitman"
"Ralls","ralls"
"Rancho Viejo","rancho viejo"
"Ranger","ranger"
"Rangerville","rangerville"
"Rankin","rankin"
"Ransom Canyon","ransom canyon"
"Ravenna","ravenna"
"Raymondville","raymondville"
"Red Lick","red lick"
"Red Oak","red oak"
"Redwater","redwater"
"Refugio","refugio"
"Reklaw","reklaw"
"Reno (Lamar)","reno (lamar)"
"Reno (Parker)","reno (parker)"
"Retreat","retreat"
"Rhome","rhome"
"Rice","rice"
"Richardson","richardson"
"Richland","richland"
"Richland Hills","richland hills"
"Richland Springs","richland springs"
"Richmond","richmond"
"Richwood","richwood"
"Riesel","riesel"
"Rio Bravo","rio bravo"
"Rio Grande City","rio grande"
"Rio Hondo","rio hondo"
"Rio Vista","rio vista"
"Rising Star","rising star"
"River Oaks","river oaks"
"Riverside","riverside"
"Road Runner","road runner"
"Roanoke","roanoke"
"Roaring Springs","roaring springs"
"Robert Lee","robert lee"
"Robinson","robinson"
"Robstown","robstown"
"Roby","roby"
"Rochester","rochester"
"Rockdale","rockdale"
"Rockport","rockport"
"Rocksprings","rocksprings"
"Rockwall","rockwall"
"Rocky Mound","rocky mound"
"Rogers","rogers"
"Rollingwood","rollingwood"
"Roma","roma"
"Roman Forest","roman forest"
"Ropesville","ropesville"
"Roscoe","roscoe"
"Rose City","rose"
"Rose Hill Acres","rose hill acres"
"Rosebud","rosebud"
"Rosenberg","rosenberg"
"Ross","ross"
"Rosser","rosser"
"Rotan","rotan"
"Round Mountain","round mountain"
"Round Rock","round rock"
"Round Top","round top"
"Rowlett","rowlett"
"Roxton","roxton"
"Royse City","royse"
"Rule","rule"
"Runaway Bay","runaway bay"
"Runge","runge"
"Rusk","rusk"
"Sabinal","sabinal"
"Sachse","sachse"
"Sadler","sadler"
"Saginaw","saginaw"
"Salado","salado"
"San Angelo","san angelo"
"San Antonio","san antonio"
"San Augustine","san augustine"
"San Benito","san benito"
"San Diego","san diego"
"San Elizario","san elizario"
"San Felipe","san felipe"
"San Juan","san juan"
"San Leanna","san leanna"
"San Marcos","san marcos"
"San Patricio","san patricio"
"San Perlita","san perlita"
"San Saba","san saba"
"Sanctuary","sanctuary"
"Sandy Oaks","sandy oaks"
"Sandy Point","sandy point"
"Sanford","sanford"
"Sanger","sanger"
"Sansom Park","sansom park"
"Santa Anna","santa anna"
"Santa Clara","santa clara"
"Santa Fe","santa fe"
"Santa Rosa","santa rosa"
"Savoy","savoy"
"Schertz","schertz"
"Schulenburg","schulenburg"
"Scotland","scotland"
"Scottsville","scottsville"
"Scurry","scurry"
"Seabrook","seabrook"
"Seadrift","seadrift"
"Seagoville","seagoville"
"Seagraves","seagraves"
"Sealy","sealy"
"Seguin","seguin"
"Selma","selma"
"Seminole","seminole"
"Seven Oaks","seven oaks"
"Seven Points","seven points"
"Seymour","seymour"
"Shady Shores","shady shores"
"Shallowater","shallowater"
"Shamrock","shamrock"
"Shavano Park","shavano park"
"Shenandoah","shenandoah"
"Shepherd","shepherd"
"Sherman","sherman"
"Shiner","shiner"
"Shoreacres","shoreacres"
"Silsbee","silsbee"
"Silverton","silverton"
"Simonton","simonton"
"Sinton","sinton"
"Skellytown","skellytown"
"Slaton","slaton"
"Smiley","smiley"
"Smithville","smithville"
"Smyer","smyer"
"Snook","snook"
"Snyder","snyder"
"Socorro","socorro"
"Somerset","somerset"
"Somerville","somerville"
"Sonora","sonora"
"Sour Lake","sour lake"
"South Frydek","south frydek"
"South Houston","south houston"
"South Mountain","south mountain"
"South Padre Island","south padre island"
"Southlake","southlake"
"Southmayd","southmayd"
"Southside Place","southside place"
"Spearman","spearman"
"Splendora","splendora"
"Spofford","spofford"
"Spring Branch","spring branch"
"Spring Valley","spring valley"
"Spring Valley Village","spring valley"
"Springlake","springlake"
"Springtown","springtown"
"Spur","spur"
"St. Hedwig","st. hedwig"
"St. Jo","st. jo"
"St. Paul","st. paul"
"Stafford","stafford"
"Stagecoach","stagecoach"
"Stamford","stamford"
"Stanton","stanton"
"Staples","staples"
"Star Harbor","star harbor"
"Stephenville","stephenville"
"Sterling City","sterling"
"Stinnett","stinnett"
"Stockdale","stockdale"
"Stockton Bend","stockton bend"
"Stratford","stratford"
"Strawn","strawn"
"Streetman","streetman"
"Sudan","sudan"
"Sugar Land","sugar land"
"Sullivan City","sullivan"
"Sulphur Springs","sulphur springs"
"Sun Valley","sun valley"
"Sundown","sundown"
"Sunnyvale","sunnyvale"
"Sunray","sunray"
"Sunrise Beach Village","sunrise beach"
"Sunset","sunset"
"Sunset Valley","sunset valley"
"Surfside Beach","surfside beach"
"Sweeny","sweeny"
"Sweetwater","sweetwater"
"Taft","taft"
"Tahoka","tahoka"
"Talco","talco"
"Talty","talty"
"Tatum","tatum"
"Taylor","taylor"
"Taylor Lake Village","taylor lake"
"Taylor Landing","taylor landing"
"Teague","teague"
"Tehuacana","tehuacana"
"Temple","temple"
"Tenaha","tenaha"
"Terrell","terrell"
"Terrell Hills","terrell hills"
"Texarkana","texarkana"
"Texas City","texas"
"Texhoma","texhoma"
"Texline","texline"
"The Colony","the colony"
"The Hills","the hills"
"Thompsons","thompsons"
"Thorndale","thorndale"
"Thornton","thornton"
"Thorntonville","thorntonville"
"Thrall","thrall"
"Three Rivers","three rivers"
"Throckmorton","throckmorton"
"Tiki Island","tiki island"
"Timbercreek Canyon","timbercreek canyon"
"Timpson","timpson"
"Tioga","tioga"
"Tira","tira"
"Toco","toco"
"Todd Mission","todd mission"
"Tolar","tolar"
"Tom Bean","tom bean"
"Tomball","tomball"
"Tool","tool"
"Town of Pecos","town of pecos"
"Toyah","toyah"
"Trent","trent"
"Trenton","trenton"
"Trinidad","trinidad"
"Trinity","trinity"
"Trophy Club","trophy club"
"Troup","troup"
"Troy","troy"
"Tulia","tulia"
"Turkey","turkey"
"Tuscola","tuscola"
"Tye","tye"
"Tyler","tyler"
"Uhland","uhland"
"Uncertain","uncertain"
"Union Grove","union grove"
"Union Valley","union valley"
"Universal City","universal"
"University Park","university park"
"Uvalde","uvalde"
"Valentine","valentine"
"Valley Mills","valley mills"
"Valley View","valley view"
"Van","van"
"Van Alstyne","van alstyne"
"Van Horn","van horn"
"Vega","vega"
"Venus","venus"
"Vernon","vernon"
"Victoria","victoria"
"Vidor","vidor"
"Vinton","vinton"
"Volente","volente"
"Von Ormy","von ormy"
"Waco","waco"
"Waelder","waelder"
"Wake Village","wake"
"Waller","waller"
"Wallis","wallis"
"Walnut Springs","walnut springs"
"Warren City","warren"
"Waskom","waskom"
"Watauga","watauga"
"Waxahachie","waxahachie"
"Weatherford","weatherford"
"Webberville","webberville"
"Webster","webster"
"Weimar","weimar"
"Weinert","weinert"
"Weir","weir"
"Wellington","wellington"
"Wellman","wellman"
"Wells","wells"
"Weslaco","weslaco"
"West","west"
"West Columbia","west columbia"
"West Lake Hills","west lake hills"
"West Orange","west orange"
"West Tawakoni","west tawakoni"
"West University Place","west university place"
"Westbrook","westbrook"
"Westlake","westlake"
"Westminster","westminster"
"Weston","weston"
"Weston Lakes","weston lakes"
"Westover Hills","westover hills"
"Westworth","westworth"
"Westworth Village","westworth"
"Wharton","wharton"
"Wheeler","wheeler"
"White Deer","white deer"
"White Oak","white oak"
"White Settlement","white settlement"
"Whiteface","whiteface"
"Whitehouse","whitehouse"
"Whitesboro","whitesboro"
"Whitewright","whitewright"
"Whitney","whitney"
"Wichita Falls","wichita falls"
"Wickett","wickett"
"Willis","willis"
"Willow Park","willow park"
"Wills Point","wills point"
"Wilmer","wilmer"
"Wilson","wilson"
"Wimberley","wimberley"
"Windcrest","windcrest"
"Windom","windom"
"Windthorst","windthorst"
"Winfield","winfield"
"Wink","wink"
"Winnsboro","winnsboro"
"Winona","winona"
"Winters","winters"
"Wixon Valley","wixon valley"
"Wolfe City","wolfe"
"Wolfforth","wolfforth"
"Woodbranch","woodbranch"
"Woodcreek","woodcreek"
"Woodloch","woodloch"
"Woodsboro","woodsboro"
"Woodson","woodson"
"Woodville","woodville"
"Woodway","woodway"
"Wortham","wortham"
"Wylie","wylie"
"Yantis","yantis"
"Yoakum","yoakum"
"Yorktown","yorktown"
"Zavalla","zavalla"
"deCordova","decordova"
